﻿Designator,Quantity,Value,Footprint,Package,MPN,DNP,Mount_Type,Description,MF,MAXIMUM_PACKAGE_HEIGHT,Price,Check_prices,STANDARD,SnapEDA_Link,MP,Description_1,Availability,MANUFACTURER
BZ1,1,Buzzer,Buzzer_12x9.5RM7.6,,,,tht,"Buzzer, polarized",,,,,,,,,,
D1,1,LED - R,LED_D5.0mm,,,,tht,Light emitting diode,,,,,,,,,,
D2,1,LED - B,LED_D5.0mm,,,,tht,Light emitting diode,,,,,,,,,,
D3,1,LED - Y,LED_D5.0mm,,,,tht,Light emitting diode,,,,,,,,,,
J1,1,Conn_01x08_Pin - RC522 RFID,PinHeader_1x08_P2.54mm_Vertical,,,,tht,"Generic connector, single row, 01x08, script generated",,,,,,,,,,
J2,1,Conn_01x04_Pin - I2C LCD,PinHeader_1x04_P2.54mm_Vertical,,,,tht,"Generic connector, single row, 01x04, script generated",,,,,,,,,,
J3,1,Conn_01x03_Socket - DHT11,PinSocket_1x03_P2.54mm_Vertical,,,,tht,"Generic connector, single row, 01x03, script generated",,,,,,,,,,
"R1, R2, R3",3,R,R_Axial_DIN0207_L6.3mm_D2.5mm_P7.62mm_Horizontal,,,,tht,Resistor,,,,,,,,,,
SW1,1,SW_Push - minus,SW_PUSH_6mm_H5mm,,,,tht,"Push button switch, generic, two pins",,,,,,,,,,
SW2,1,SW_Push - Plus,SW_PUSH_6mm_H5mm,,,,tht,"Push button switch, generic, two pins",,,,,,,,,,
TP1,1,TestPoint GND,TestPoint_Pad_1.5x1.5mm,,,,tht,test point,,,,,,,,,,
TP2,1,TestPoint 3v3,TestPoint_Pad_1.5x1.5mm,,,,tht,test point,,,,,,,,,,
TP3,1,TestPoint 5V,TestPoint_Pad_1.5x1.5mm,,,,tht,test point,,,,,,,,,,
U1,1,ESP32_NODEMCU,MODULE_ESP32_NODEMCU,Package,,,tht,,AZ Delivery,6.6 mm,None,https://www.snapeda.com/parts/ESP32%20NODEMCU/AZ+Displays/view-part/?ref=eda,Manufacturer Recommendations,https://www.snapeda.com/parts/ESP32%20NODEMCU/AZ+Displays/view-part/?ref=snap,ESP32 NODEMCU,"
                        
                            NodeMCU is an open source loT platform. ESP32 is a series of low cost, low power
system-on-chip (SoC) microcontrollers with integrated Wi-Fi and dual-mode Bluetooth.
                        
",Not in stock,AZ Delivery
