﻿pos_x,pos_y,rotation,side,designator,mpn,pack,footprint,value,mount_type
163.75,-81.0,-90.0,top,BZ1,,,Buzzer_12x9.5RM7.6,Buzzer,tht
141.04,-66.5,180.0,top,D1,,,LED_D5.0mm,LED - R,tht
104.54,-66.5,180.0,top,D2,,,LED_D5.0mm,LED - B,tht
123.04,-66.5,180.0,top,D3,,,LED_D5.0mm,LED - Y,tht
112.415,-104.0,90.0,top,J1,,,PinHeader_1x08_P2.54mm_Vertical,Conn_01x08_Pin - RC522 RFID,tht
143.58,-104.0,-90.0,top,J2,,,PinHeader_1x04_P2.54mm_Vertical,Conn_01x04_Pin - I2C LCD,tht
101.55,-103.95,90.0,top,J3,,,PinSocket_1x03_P2.54mm_Vertical,Conn_01x03_Socket - DHT11,tht
144.73,-66.5,0.0,top,R1,,,R_Axial_DIN0207_L6.3mm_D2.5mm_P7.62mm_Horizontal,R,tht
108.54,-66.5,0.0,top,R2,,,R_Axial_DIN0207_L6.3mm_D2.5mm_P7.62mm_Horizontal,R,tht
126.92,-66.5,0.0,top,R3,,,R_Axial_DIN0207_L6.3mm_D2.5mm_P7.62mm_Horizontal,R,tht
159.0,-99.75,90.0,top,SW1,,,SW_PUSH_6mm_H5mm,SW_Push - minus,tht
163.5,-69.5,-90.0,top,SW2,,,SW_PUSH_6mm_H5mm,SW_Push - Plus,tht
127.5,-86.0,-90.0,top,U1,,Package,MODULE_ESP32_NODEMCU,ESP32_NODEMCU,tht
